RETURN_ID,FILING_TYPE,EIN,TAX_PERIOD,SUB_DATE,TAXPAYER_NAME,RETURN_TYPE,DLN,OBJECT_ID
8203199,EFILE,593831966,201006,3/7/2011 11:00:09 AM,CENTER TO PROMOTE HEALTHCARE ACCESS INC,990,93493042018121,201120429349301812
8888053,EFILE,421559197,201012,9/19/2011 11:50:45 AM,CENTER FOR STUDENT OPPORTUNITY INC,990,93493227045501,201102279349304550
9059731,EFILE,133666846,201106,11/17/2011 8:20:32 AM,CLASSROOM INC,990,93493298000031,201132989349300003
9092189,EFILE,271067272,201106,11/30/2011 9:29:06 AM,CODE FOR AMERICA LABS INC,990,93493313009451,201103139349300945
9190732,EFILE,260642778,201012,12/23/2011 6:54:06 AM,D-REV DESIGN FOR THE OTHER 90,990,93493319108641,201143199349310864
9059726,EFILE,271912105,201012,11/17/2011 8:20:17 AM,FAMILIES EMPOWERED,990,93493298009121,201122989349300912
8178056,EFILE,200938414,201006,2/25/2011 2:18:41 PM,FREECYCLE NETWORK,990EZ,93492032000101,201100329349200010
9158183,EFILE,262506162,201012,12/14/2011 9:22:08 PM,HARMONY INSTITUTE INC,990,93493318032681,201133189349303268
9154733,EFILE,770560011,201012,12/14/2011 8:39:15 AM,HOPELAB FOUNDATION INC,990PF,93491319015531,201133199349101553
9142460,EFILE,263283639,201012,12/12/2011 7:20:54 AM,IN OUR BACKYARDS INC,990,93493319017111,201113199349301711
9156213,EFILE,263534444,201012,12/14/2011 2:38:42 PM,IMAGING THE WORLD CORPORATION,990,93493319095221,201123199349309522
9119075,EFILE,43428609,201012,12/6/2011 9:45:48 PM,KIVA FOUNDATION,990PF,93491311005541,201143119349100554
9125656,EFILE,261335205,201012,12/7/2011 9:51:45 PM,LITERACY BRIDGE,990,93493318075451,201103189349307545
9120775,EFILE,542176407,201012,12/7/2011 7:20:37 AM,ONE LAPTOP PER CHILD ASSOCIATION INC,990O,93493319092511,201113199349309251
9000808,EFILE,61727461,201012,10/31/2011 3:51:02 PM,OPEN MEDIA FOUNDATION,990,93493195006231,201131959349300623
8889861,EFILE,202630593,201012,9/19/2011 8:56:44 PM,PARTICIPATORY CULTURE FOUNDATION INC,990,93493224008011,201112249349300801
9142953,EFILE,262296822,201012,12/12/2011 8:51:02 AM,PARTICIPATORY POLITICS FOUNDATION,990,93493319094751,201103199349309475
9198977,EFILE,262547062,201012,12/28/2011 12:23:04 PM,SAMASOURCE INC,990,93493319052621,201123199349305262
8952227,EFILE,542059475,201012,10/12/2011 8:42:12 AM,SKYTRUTH,990,93493134005171,201121349349300517
8643390,EFILE,943070617,201006,6/8/2011 8:23:54 AM,TECHSOUP GLOBAL,990,93493136056071,201121369349305607
8213345,EFILE,205771109,201003,3/9/2011 11:42:37 AM,VIDEO VOLUNTEERS,990,93493046006371,201120469349300637
8348927,EFILE,200049703,201006,4/12/2011 12:40:40 PM,WIKIMEDIA FOUNDATION INC,990,93493091006231,201130919349300623
9117051,EFILE,383796793,201106,12/6/2011 2:11:55 PM,ICIVICS INC,990,93493318037101,201103189349303710
8213047,EFILE,383796793,201006,3/9/2011 10:55:00 AM,ICIVICS INC,990,93493046012271,201120469349301227
9326756,EFILE,650828272,201106,3/26/2012 6:37:04 AM,ADOPT-A-CLASSROOM INC,990,93493068010052,201200689349301005
10123058,EFILE,743050022,201112,12/27/2012,BLUE PLANET NETWORK,990,93493315000192,201243159349300019
9967348,EFILE,133666846,201206,11/6/2012,CLASSROOM INC,990,93493292006132,201232929349300613
10002994,EFILE,412024986,201112,11/19/2012,COMMON SENSE MEDIA,990,93493256007102,201202569349300710
9875672,EFILE,133720473,201112,10/11/2012,DO SOMETHING INC,990,93493132021762,201211329349302176
9884505,EFILE,133720473,201112,10/15/2012,DO SOMETHING INC,990,93493132010472,201221329349301047
9895084,EFILE,263761772,201112,10/17/2012,DTWO LTD,990,93493284008252,201202849349300825
9868391,EFILE,272460359,201112,10/10/2012,DEMOCRACY WORKS INC,990EZ,93492136012002,201201369349201200
9940978,EFILE,300172078,201112,10/30/2012,DESIGN THAT MATTERS INC,990,93493135034392,201241359349303439
10092340,EFILE,262418959,201112,12/17/2012,DIGITAL GREEN FOUNDATION,990,93493319028902,201203199349302890
10118454,EFILE,262418959,201012,12/26/2012,DIGITAL GREEN FOUNDATION,990,93493319026972,201223199349302697
9999091,EFILE,273744004,201112,11/16/2012,EDNOVO,990,93493241006152,201202419349300615
10108322,EFILE,271912105,201112,12/20/2012,FAMILIES EMPOWERED,990,93493318010462,201213189349301046
10060607,EFILE,611524216,201112,12/10/2012,GLOBAL LIVES PROJECT INC,990EZ,93492319025932,201233199349202593
10012814,EFILE,205061881,201112,11/20/2012,GREAT NONPROFITS,990,93493307003232,201233079349300323
10119183,EFILE,770560011,201112,12/26/2012,HOPELAB FOUNDATION INC,990PF,93491319015012,201213199349101501
10129418,EFILE,263534444,201112,12/28/2012,IMAGING THE WORLD CORPORATION,990,93493320085832,201233209349308583
10148861,EFILE,204895174,201112,12/31/2012,INSTEDD,990,93493321005012,201213219349300501
10016506,EFILE,43428609,201112,11/21/2012,KIVA FOUNDATION,990PF,93491254001032,201232549349100103
10120552,EFILE,261335205,201112,12/27/2012,LITERACY BRIDGE,990,93493320055372,201223209349305537
9852858,EFILE,271777117,201112,10/3/2012,LITERACY LAB,990,93493124007432,201231249349300743
10000185,EFILE,330798804,201112,11/16/2012,MIND RESEARCH INSTITUTE,990,93493240000212,201212409349300021
9321184,EFILE,810526651,201106,3/22/2012 1:17:23 PM,NATIONAL INSTITUTE ON MONEY IN STATE POLITICS,990,93493062016092,201240629349301609
10126870,EFILE,273923894,201112,12/28/2012,NEWBORN FOUNDATION,990,93493318043692,201243189349304369
9912183,EFILE,900514027,201112,10/22/2012,NEXLEAF ANALYTICS,990,93493220010912,201212209349301091
10129188,EFILE,542176407,201112,12/28/2012,ONE LAPTOP PER CHILD ASSOCIATION INC,990O,93493320057232,201233209349305723
9955149,EFILE,61727461,201112,11/2/2012,OPEN MEDIA FOUNDATION,990,93493299009122,201222999349300912
9925704,EFILE,202630593,201112,10/25/2012,PARTICIPATORY CULTURE FOUNDATION INC,990,93493214007242,201242149349300724
10149070,EFILE,262296822,201112,12/31/2012,PARTICIPATORY POLITICS FOUNDATION,990,93493347000402,201203479349300040
10114661,EFILE,262547062,201112,12/21/2012,SAMASOURCE INC,990,93493320039372,201223209349303937
9885899,EFILE,208837690,201112,10/15/2012,SINGLE STOP USA INC,990,93493276007032,201232769349300703
9939123,EFILE,542059475,201112,10/30/2012,SKYTRUTH,990,93493136054622,201221369349305462
9663814,EFILE,943070617,201106,6/22/2012 7:27:52 AM,TECHSOUP GLOBAL,990,93493136070162,201211369349307016
10121201,EFILE,731662480,201112,12/27/2012,UNIVERSALGIVING,990,93493320070782,201233209349307078
9566944,EFILE,205771109,201103,5/24/2012 8:02:30 AM,VIDEO VOLUNTEERS,990,93493086006342,201240869349300634
9866614,EFILE,273354192,201112,10/10/2012,WISHBONEORG,990,93493136028542,201241369349302854
9624477,EFILE,200049703,201106,6/12/2012 10:33:54 PM,WIKIMEDIA FOUNDATION INC,990,93493130022742,201241309349302274
9924480,EFILE,272092468,201112,10/25/2012,WORLDREADERORG,990,93493213004392,201242139349300439
10013287,EFILE,383796793,201206,11/20/2012,ICIVICS INC,990,93493307011622,201223079349301162
10953472,EFILE,452669508,201212,11/18/2013,1947 PARTITION ARCHIVE,990EZ,93492226019313,201312269349201931
10742002,EFILE,650828272,201206,8/6/2013,ADOPT-A-CLASSROOM INC,990,93493135059063,201311359349305906
10942848,EFILE,743050022,201212,11/14/2013,BLUE PLANET NETWORK,990,93493222003033,201332229349300303
10777078,EFILE,593831966,201206,8/16/2013,CENTER TO PROMOTE HEALTHCARE ACCESS INC,990,93493130017293,201341309349301729
11006459,EFILE,272832137,201212,12/9/2013,CASE COMMONS INC,990PF,93491227005073,201322279349100507
10263180,EFILE,421559197,201206,3/12/2013,CENTER FOR STUDENT OPPORTUNITY INC,990,93493042013633,201330429349301363
10265900,EFILE,271067272,201206,3/13/2013,CODE FOR AMERICA LABS INC,990,93493044005133,201330449349300513
11068431,EFILE,412024986,201212,12/24/2013,COMMON SENSE MEDIA,990,93493318042183,201333189349304218
11081243,EFILE,260642778,201212,12/27/2013,D-REV DESIGN FOR THE OTHER 90,990,93493317023493,201343179349302349
10713879,EFILE,133720473,201212,7/29/2013,DO SOMETHING INC,990,93493128011983,201331289349301198
10711231,EFILE,272460359,201212,7/26/2013,DEMOCRACY WORKS INC,990,93493170003203,201301709349300320
10746466,EFILE,300172078,201212,8/7/2013,DESIGN THAT MATTERS INC,990,93493170001143,201341709349300114
11074177,EFILE,273744004,201212,12/26/2013,EDNOVO,990,93493304005003,201303049349300500
11085502,EFILE,262780747,201212,12/30/2013,FAIR TRADE FUND INC,990,93493318026093,201343189349302609
10859832,EFILE,271912105,201212,9/25/2013,FAMILIES EMPOWERED,990,93493255007003,201302559349300700
10766423,EFILE,200938414,201206,8/14/2013,FREECYCLE NETWORK,990,93493135053573,201321359349305357
10714466,EFILE,272245578,201212,7/29/2013,GET SCHOOLED FOUNDATION,990,93493128011313,201311289349301131
10210914,EFILE,271661997,201208,2/14/2013,GIVE DIRECT INC,990,93493015013263,201310159349301326
10823990,EFILE,562435785,201212,9/9/2013,GOOD WORLD SOLUTIONS INC FKA WORLD OF GOODDEVELOPMENT ORG INC,990,93493205001323,201322059349300132
10959472,EFILE,205061881,201212,11/20/2013,GREAT NONPROFITS,990,93493226012633,201332269349301263
11050888,EFILE,262506162,201212,12/19/2013,HARMONY INSTITUTE INC,990,93493318066913,201313189349306691
10210836,EFILE,262506162,201112,2/14/2013,HARMONY INSTITUTE INC,990,93493017001333,201330179349300133
10791251,EFILE,273199988,201206,8/21/2013,HOLLABACK INC,990EZ,93492135033343,201341359349203334
11069805,EFILE,770560011,201212,12/24/2013,HOPELAB FOUNDATION INC,990PF,93491317008533,201333179349100853
11082687,EFILE,273166713,201212,12/27/2013,HUMANITARIAN OPENSTREETMAP TEAM UNITED STATES INC,990,93493316031943,201343169349303194
10227861,EFILE,263283639,201112,2/26/2013,IN OUR BACKYARDS INC,990,93493032007033,201330329349300703
11094344,EFILE,263283639,201212,12/31/2013,IN OUR BACKYARDS INC,990,93493319027403,201303199349302740
11091410,EFILE,263534444,201212,12/31/2013,IMAGING THE WORLD CORPORATION,990EZ,93492347003163,201313479349200316
10936594,EFILE,943027961,201212,11/13/2013,INTERNEWS NETWORK INC,990,93493262007103,201302629349300710
10931493,EFILE,43428609,201212,11/11/2013,KIVA FOUNDATION,990PF,93491130000163,201311309349100016
11056373,EFILE,261544963,201212,12/20/2013,KHAN ACADEMY INC,990,93493317062903,201303179349306290
10943614,EFILE,271777117,201212,11/14/2013,LITERACY LAB,990,93493224002493,201342249349300249
10949687,EFILE,201232903,201212,11/15/2013,LUNCHBOX FUND,990,93493224013643,201342249349301364
11001472,EFILE,330798804,201212,12/6/2013,MIND RESEARCH INSTITUTE,990,93493192005243,201341929349300524
11093907,EFILE,271052771,201306,12/31/2013,MONEYTHINK,990,93493350007473,201323509349300747
10336448,EFILE,452736163,201206,4/8/2013,NEW CLASSROOMS INNOVATION PARTNERSINC,990,93493081009003,201300819349300900
10265254,EFILE,810526651,201206,3/12/2013,NATIONAL INSTITUTE ON MONEY IN STATE POLITICS,990,93493043018593,201340439349301859
10861602,EFILE,273923894,201212,9/25/2013,NEWBORN FOUNDATION,990,93493232002333,201332329349300233
10929231,EFILE,900514027,201212,11/9/2013,NEXLEAF ANALYTICS,990,93493235007083,201332359349300708
11083415,EFILE,134145441,201212,12/28/2013,NPOWERNY INC,990,93493302004003,201303029349300400
10984146,EFILE,61727461,201212,12/3/2013,OPEN MEDIA FOUNDATION,990,93493270000393,201342709349300039
11028731,EFILE,202630593,201212,12/14/2013,PARTICIPATORY CULTURE FOUNDATION INC,990,93493224007313,201312249349300731
11044950,EFILE,262296822,201212,12/18/2013,PARTICIPATORY POLITICS FOUNDATION,990,93493317039353,201303179349303935
10780941,EFILE,453607930,201212,8/19/2013,REALLOCATE INC,990EZ,93492136007093,201341369349200709
10868773,EFILE,208837690,201212,9/27/2013,SINGLE STOP USA INC,990,93493231000133,201332319349300013
10990325,EFILE,542059475,201212,12/4/2013,SKYTRUTH,990,93493226023023,201322269349302302
10738271,EFILE,943070617,201206,8/5/2013,TECHSOUP GLOBAL,990,93493134077103,201301349349307710
10238299,EFILE,205771109,201203,2/28/2013,VIDEO VOLUNTEERS,990,93493035004413,201310359349300441
10769242,EFILE,273354192,201212,8/14/2013,WISHBONEORG,990,93493130032283,201331309349303228
10528152,EFILE,200049703,201206,5/13/2013,WIKIMEDIA FOUNDATION INC,990,93493106001273,201321069349300127
11010576,EFILE,800494876,201212,12/10/2013,ZIDISHA INC ZIDISHA INC,990EZ,93492221007563,201312219349200756
11044491,EFILE,383796793,201306,12/18/2013,ICIVICS INC,990,93493297006243,201342979349300624
11917015,EFILE,452669508,201312,10/27/2014 3:03:05 PM,1947 PARTITION ARCHIVE,990EZ,93492224011644,201442249349201164
11239163,EFILE,650828272,201306,3/18/2014,ADOPT-A-CLASSROOM INC,990,93493022004404,201400229349300440
12111418,EFILE,650828272,201406,12/30/2014,ADOPT-A-CLASSROOM INC,990,93493318039404,201403189349303940
11779079,EFILE,273252911,201312,9/18/2014 8:54:55 PM,ANJNA PATIENT EDUCATION DBA CAREMESSAGE,990,93493225033554,201402259349303355
11633181,EFILE,593831966,201306,7/1/2014 10:20:31 AM,CENTER TO PROMOTE HEALTHCARE ACCESS INC,990,93493132002474,201421329349300247
12137025,EFILE,462612143,201312,12/29/2014,CODE-TO-LEARN FOUNDATION,990,93493321061044,201443219349306104
11909816,EFILE,460858543,201312,10/24/2014 10:57:30 AM,CODEORG,990,93493225025394,201442259349302539
12130890,EFILE,462190310,201402,12/29/2014,COWORKERORG,990,93493337004214,201413379349300421
11601564,EFILE,453266802,201306,6/18/2014 6:18:19 PM,CANCER COMMONS,990,93493118009324,201421189349300932
11534733,EFILE,900796160,201308,5/27/2014 2:43:05 PM,CAREERVILLAGE INC,990EZ,93492104008344,201441049349200834
11600552,EFILE,900796160,201308,6/18/2014 1:13:16 PM,CAREERVILLAGE INC,990EZ,93492102005074,201421029349200507
12035035,EFILE,272832137,201312,12/3/2014 10:19:14 AM,CASE COMMONS INC,990PF,93491317000464,201413179349100046
11306128,EFILE,421559197,201306,4/9/2014,CENTER FOR STUDENT OPPORTUNITY INC,990,93493043018024,201420439349301802
12030724,EFILE,133666846,201406,12/2/2014 9:44:36 PM,CLASSROOM INC,990,93493308000204,201403089349300020
11132224,EFILE,133666846,201306,1/9/2014,CLASSROOM INC,990,93493290005123,201322909349300512
11299483,EFILE,271067272,201306,4/8/2014,CODE FOR AMERICA LABS INC,990,93493043013104,201400439349301310
11921556,EFILE,412024986,201312,10/28/2014 8:24:28 AM,COMMON SENSE MEDIA,990,93493216000324,201422169349300032
12106541,EFILE,260642778,201312,12/29/2014,D-REV DESIGN FOR THE OTHER 90,990,93493321045154,201403219349304515
11916476,EFILE,133720473,201312,10/27/2014 2:39:56 PM,DO SOMETHING INC,990,93493211009344,201442119349300934
12041071,EFILE,134129457,201406,12/4/2014 6:36:25 AM,DONORSCHOOSEORG,990,93493314017404,201403149349301740
12137424,EFILE,263761772,201312,12/29/2014,DTWO LTD,990,93493321109344,201443219349310934
11105881,EFILE,263761772,201212,1/3/2014,DTWO LTD,990,93493319092613,201313199349309261
12064591,EFILE,272460359,201312,12/10/2014 12:28:28 PM,DEMOCRACY WORKS INC,990,93493316034094,201443169349303409
11719544,EFILE,300172078,201312,8/25/2014 11:36:22 PM,DESIGN THAT MATTERS INC,990,93493093007184,201430939349300718
11115173,EFILE,262418959,201212,1/7/2014,DIGITAL GREEN FOUNDATION,990,93493319054083,201333199349305408
12140370,EFILE,262418959,201312,12/29/2014,DIGITAL GREEN FOUNDATION,990,93493321047664,201413219349304766
12036591,EFILE,273744004,201312,12/3/2014 4:23:57 PM,EDNOVO,990,93493307007044,201443079349300704
11908480,EFILE,262780747,201312,10/24/2014 12:05:17 AM,FAIR TRADE FUND INC,990,93493220011094,201442209349301109
12023024,EFILE,271912105,201312,12/1/2014 9:39:36 PM,FAMILIES EMPOWERED,990,93493303013024,201423039349301302
11226409,EFILE,200938414,201306,3/13/2014,FREECYCLE NETWORK,990,93493013000074,201420139349300007
11867685,EFILE,272245578,201312,10/15/2014 7:55:43 AM,GET SCHOOLED FOUNDATION,990,93493134022644,201441349349302264
11286536,EFILE,271661997,201308,4/3/2014,GIVE DIRECT INC,990,93493086006164,201410869349300616
12147757,EFILE,611524216,201312,12/29/2014,GLOBAL LIVES PROJECT INC,990EZ,93492318003234,201433189349200323
11981124,EFILE,562435785,201312,11/17/2014 8:37:00 AM,GOOD WORLD SOLUTIONS INC FKA WORLD OF GOOD DEVELOPMENT ORG INC,990,93493281007474,201422819349300747
11911359,EFILE,205061881,201312,10/24/2014 3:03:59 PM,GREAT NONPROFITS,990,93493198000214,201411989349300021
11105387,EFILE,271966036,201212,1/3/2014,HOPING HEARTS FOUNDATION INC,990,93493319081803,201303199349308180
12059364,EFILE,271966036,201312,12/9/2014 12:16:48 PM,HOPING HEARTS FOUNDATION INC,990,93493316043934,201433169349304393
12128787,EFILE,262506162,201312,12/29/2014,HARMONY INSTITUTE INC,990,93493322006224,201423229349300622
11378714,EFILE,273199988,201306,4/28/2014 9:39:04 AM,HOLLABACK INC,990,93493088004134,201430889349300413
12139921,EFILE,770560011,201312,12/29/2014,HOPELAB FOUNDATION INC,990PF,93491318020014,201413189349102001
12151268,EFILE,263283639,201312,12/29/2014,IN OUR BACKYARDS INC,990,93493321059544,201443219349305954
12015247,EFILE,263534444,201312,11/26/2014 10:41:11 AM,IMAGING THE WORLD CORP,990EZ,93492317011424,201423179349201142
12125628,EFILE,204895174,201312,12/29/2014,INSTEDD,990,93493321038404,201403219349303840
11123745,EFILE,204895174,201212,1/8/2014,INSTEDD,990,93493319107733,201333199349310773
12073275,EFILE,943027961,201312,12/11/2014 7:46:35 PM,INTERNEWS NETWORK INC,990,93493317052084,201433179349305208
11937750,EFILE,43428609,201312,10/30/2014 2:59:21 PM,KIVA FOUNDATION,990PF,93491125007344,201441259349100734
12110010,EFILE,261544963,201312,12/30/2014,KHAN ACADEMY INC,990,93493318025014,201413189349302501
11777558,EFILE,462266526,201312,9/18/2014 4:38:39 PM,LIFEBOX FOUNDATION INC,990EZ,93492132017294,201441329349201729
12111385,EFILE,261335205,201312,12/30/2014,LITERACY BRIDGE,990,93493318094664,201413189349309466
11106257,EFILE,261335205,201212,1/3/2014,LITERACY BRIDGE,990,93493319108473,201323199349310847
11779565,EFILE,271777117,201312,9/18/2014 9:53:19 PM,LITERACY LAB,990,93493223016264,201412239349301626
12066570,EFILE,201232903,201312,12/10/2014 5:57:28 PM,LUNCHBOX FUND,990,93493315016884,201433159349301688
11822071,EFILE,330798804,201312,10/1/2014 12:46:16 AM,MIND RESEARCH INSTITUTE,990,93493235003034,201432359349300303
11117315,EFILE,275104203,201212,1/7/2014,MEDIC MOBILE INC,990,93493322004483,201333229349300448
12124765,EFILE,275104203,201312,12/29/2014,MEDIC MOBILE INC,990,93493322013754,201403229349301375
11627128,EFILE,452736163,201306,6/28/2014 12:34:29 AM,NEW CLASSROOMS INNOVATION PARTNERSINC,990,93493134050554,201401349349305055
11131875,EFILE,810526651,201306,1/9/2014,NATIONAL INSTITUTE ON MONEY IN STATE POLITICS,990,93493329006193,201343299349300619
11755729,EFILE,900514027,201312,9/11/2014 1:40:53 PM,NEXLEAF ANALYTICS,990,93493225029404,201402259349302940
12115342,EFILE,800708997,201312,12/30/2014,OCEARCH,990,93493321092254,201403219349309225
11114070,EFILE,800708997,201212,1/7/2014,OCEARCH,990,93493319117563,201313199349311756
11114396,EFILE,542176407,201212,1/7/2014,ONE LAPTOP PER CHILD ASSOCIATION INC,990O,93493319092343,201343199349309234
11795235,EFILE,61727461,201312,9/24/2014 7:21:15 AM,OPEN MEDIA FOUNDATION,990,93493225024664,201412259349302466
11854540,EFILE,454848546,201312,10/10/2014 8:22:38 AM,OPENGOV FOUNDATION,990,93493132004474,201421329349300447
12012870,EFILE,203852112,201312,11/25/2014 11:45:50 PM,OPERATION ASHA NFP CO ROB WEBSTER,990,93493300000264,201413009349300026
12039318,EFILE,202630593,201312,12/3/2014 10:38:24 PM,PARTICIPATORY CULTURE FOUNDATION INC,990,93493311012954,201403119349301295
12066262,EFILE,262296822,201312,12/10/2014 4:57:08 PM,PARTICIPATORY POLITICS FOUNDATION,990,93493317065474,201423179349306547
11212763,EFILE,452725805,201306,3/7/2014,PULSEPOINT FOUNDATION,990EZ,93492035007264,201410359349200726
12001500,EFILE,452725805,201406,11/21/2014 8:15:42 PM,PULSEPOINT FOUNDATION,990,93493280005294,201442809349300529
11667030,EFILE,133593812,201308,7/18/2014 5:51:40 PM,READWORKSINC,990,93493188007664,201411889349300766
11602434,EFILE,760662298,201308,6/18/2014 9:16:11 PM,REASONING MIND INC,990,93493106002054,201401069349300205
11139097,EFILE,203808875,201212,1/11/2014,STELLAR FOUNDATION,990PF,93491148004143,201341489349100414
11966221,EFILE,203808875,201312,11/7/2014 5:55:21 PM,STELLAR FOUNDATION,990PF,93491164002004,201401649349100200
12129963,EFILE,262547062,201312,12/29/2014,SAMASOURCE INC,990,93493321107434,201433219349310743
11905973,EFILE,943216541,201312,10/23/2014 12:18:21 PM,SCIENCE BUDDIES,990,93493224014544,201442249349301454
11921437,EFILE,208837690,201312,10/28/2014 8:06:54 AM,SINGLE STOP USA INC,990,93493213008354,201402139349300835
11879365,EFILE,542059475,201312,10/17/2014 12:52:05 AM,SKYTRUTH,990,93493275006054,201402759349300605
11637168,EFILE,943070617,201306,7/2/2014 8:59:32 AM,TECHSOUP GLOBAL,990,93493135088474,201421359349308847
12140035,EFILE,731662480,201312,12/29/2014,UNIVERSALGIVING,990,93493321082264,201413219349308226
11113620,EFILE,731662480,201212,1/7/2014,UNIVERSALGIVING,990,93493319092893,201343199349309289
11898122,EFILE,273354192,201312,10/22/2014 8:05:57 AM,WISHBONEORG,990,93493181000174,201421819349300017
11778177,EFILE,453236734,201309,9/18/2014 5:54:55 PM,WATSI INC,990,93493227010404,201402279349301040
11525930,EFILE,200049703,201306,5/22/2014 9:34:21 AM,WIKIMEDIA FOUNDATION INC,990,93493113001164,201411139349300116
11759256,EFILE,272092468,201312,9/12/2014 7:34:36 PM,WORLDREADERORG,990,93493230007254,201402309349300725
11897076,EFILE,800494876,201312,10/22/2014 12:04:52 AM,ZIDISHA INC,990,93493170000124,201421709349300012
12016316,EFILE,383796793,201406,11/26/2014 1:48:40 PM,ICIVICS INC,990,93493316001114,201413169349300111
12050337,EFILE,455267449,201312,12/5/2014 7:57:15 PM,MYAGRO FARMS,990,93493317021614,201413179349302161
12765219,EFILE,452669508,201412,8/10/2015,1947 PARTITION ARCHIVE,990EZ,93492209000185,201532099349200018
12857334,EFILE,770555413,201412,9/14/2015,BENEFICENT TECHNOLOGY INC DBA BENETECH,990,93493224020855,201502249349302085
12659181,EFILE,453689556,201412,7/9/2015,BRACKETS FOR GOOD INC,990,93493174005005,201501749349300500
12633378,EFILE,593831966,201406,7/2/2015,CENTER TO PROMOTE HEALTHCARE ACCESS INC,990,93493127020265,201511279349302026
12910311,EFILE,460858543,201412,9/29/2015,CODEORG,990,93493246009515,201512469349300951
12943737,EFILE,454868462,201412,10/13/2015,CONNECT TO COMPETE INC,990,93493273007305,201502739349300730
12917641,EFILE,462190310,201502,10/1/2015,COWORKERORG,990EZ,93492253007505,201502539349200750
12232311,EFILE,453266802,201406,3/3/2015,CANCER COMMONS,990,93493047026575,201520479349302657
12492219,EFILE,900796160,201408,5/14/2015,CAREERVILLAGE INC,990EZ,93492079003055,201500799349200305
12220064,EFILE,421559197,201406,2/24/2015,CENTER FOR STUDENT OPPORTUNITY INC,990,93493042000245,201540429349300024
12931124,EFILE,465039599,201312,10/6/2015,CRISIS TEXT LINE INC,990EZ,93492237000345,201542379349200034
12877735,EFILE,465039599,201212,9/19/2015,CRISIS TEXT LINE INC,990EZ,93492221002095,201542219349200209
12870082,EFILE,465039599,201412,9/17/2015,CRISIS TEXT LINE INC,990,93493221004095,201542219349300409
12793586,EFILE,133720473,201412,8/18/2015,DO SOMETHING INC,990,93493140000395,201541409349300039
12768438,EFILE,300172078,201412,8/11/2015,DESIGN THAT MATTERS INC,990,93493104001375,201521049349300137
12684968,EFILE,272245578,201412,7/17/2015,GET SCHOOLED FOUNDATION,990,93493131023055,201501319349302305
12203753,EFILE,262506162,201312,2/17/2015,HARMONY INSTITUTE INC,990,93493030003185,201530309349300318
12645703,EFILE,273199988,201406,7/7/2015,HOLLABACK INC,990,93493127009635,201531279349300963
12668502,EFILE,271247430,201412,7/14/2015,IMPACT NETWORK INTERNATIONAL INC,990,93493155006075,201521559349300607
12795066,EFILE,43428609,201412,8/18/2015,KIVA FOUNDATION,990PF,93491135012535,201531359349101253
12847610,EFILE,383889708,201312,9/10/2015,KANGU INC,990EZ,93492217000135,201532179349200013
12852498,EFILE,383889708,201412,9/11/2015,KANGU INC,990,93493217004285,201532179349300428
12874497,EFILE,261544963,201412,9/18/2015,KHAN ACADEMY INC,990,93493224020085,201532249349302008
12857964,EFILE,451059457,201412,9/14/2015,LEARN FRESH EDUCATION CO,990,93493224007075,201522249349300707
12918892,EFILE,462266526,201412,10/1/2015,LIFEBOX FOUNDATION INC,990,93493252001115,201512529349300111
12656526,EFILE,271777117,201412,7/9/2015,LITERACY LAB,990,93493175000185,201531759349300018
12941702,EFILE,455593503,201412,10/9/2015,MEN OF COURAGE FOUNDATION DBA UNCOMMEN,990,93493264000535,201532649349300053
12781712,EFILE,330994350,201412,8/13/2015,MAKESENSE FOUNDATION,990EZ,93492146003365,201511469349200336
12272126,EFILE,271052771,201406,3/19/2015,MONEYTHINK,990,93493068006265,201510689349300626
12207034,EFILE,452736163,201406,2/18/2015,NEW CLASSROOMS INNOVATION PARTNERS INC,990,93493036000295,201540369349300029
12232135,EFILE,810526651,201406,3/3/2015,NATIONAL INSTITUTE ON MONEY IN STATE POLITICS,990,93493044025125,201520449349302512
12940857,EFILE,800708997,201212,10/9/2015,OCEARCH,990,93493261008175,201522619349300817
12787380,EFILE,454848546,201412,8/17/2015,OPENGOV FOUNDATION,990,93493135030455,201501359349303045
12763101,EFILE,262296822,201412,8/7/2015,PARTICIPATORY POLITICS FOUNDATION,990,93493134071385,201531349349307138
12289940,EFILE,453607930,201312,3/27/2015,REALLOCATE INC,990EZ,93492075010005,201500759349201000
12651726,EFILE,133593812,201408,7/8/2015,READWORKSINC,990,93493162008185,201531629349300818
12519847,EFILE,760662298,201408,5/27/2015,REASONING MIND INC,990,93493103008315,201511039349300831
12773805,EFILE,203808875,201412,8/12/2015,STELLAR FOUNDATION,990PF,93491211003015,201512119349100301
12879562,EFILE,943216541,201412,9/21/2015,SCIENCE BUDDIES,990,93493229021715,201512299349302171
12807917,EFILE,943070617,201406,8/21/2015,TECHSOUP GLOBAL,990,93493135069485,201531359349306948
12196287,EFILE,462302287,201406,2/6/2015,TIDEPOOL PROJECT,990,93493023001485,201530239349300148
12871257,EFILE,453837218,201412,9/17/2015,TRANSPARENCY TOOLKIT INC,990EZ,93492223011735,201532239349201173
12207183,EFILE,205771109,201403,2/18/2015,VIDEO VOLUNTEERS,990,93493035004315,201510359349300431
12929314,EFILE,273354192,201412,10/6/2015,WISHBONEORG,990,93493229029135,201532299349302913
12921760,EFILE,453236734,201409,10/2/2015,WATSI INC,990,93493226037775,201522269349303777
12217581,EFILE,43427228,201406,2/23/2015,WETHRIVE INC,990EZ,93492042005235,201530429349200523
12637659,EFILE,200049703,201406,7/6/2015,WIKIMEDIA FOUNDATION INC,990,93493119002015,201511199349300201
12780909,EFILE,272092468,201412,8/13/2015,WORLDREADERORG,990,93493141000165,201511419349300016
12852164,EFILE,800494876,201412,9/10/2015,ZIDISHA INC,990,93493217011425,201522179349301142
12703258,EFILE,460807740,201406,7/22/2015,EDX INC,990,93493133030745,201541339349303074
13603616,EFILE,650828272,201506,7/7/2016,ADOPT-A-CLASSROOM INC,990,93493041018246,201640419349301824
13649791,EFILE,593831966,201506,7/26/2016,CENTER TO PROMOTE HEALTHCARE ACCESS INC,990,93493092006106,201600929349300610
13115248,EFILE,462612143,201412,1/15/2016,CODE-TO-LEARN FOUNDATION,990,93493317002005,201503179349300200
13651384,EFILE,453266802,201506,7/26/2016,CANCER COMMONS,990,93493106011226,201621069349301122
13295282,EFILE,900796160,201508,3/25/2016,CAREERVILLAGE INC,990EZ,93492015004086,201630159349200408
13137449,EFILE,272832137,201412,1/22/2016,CASE COMMONS INC,990PF,93491320010515,201513209349101051
13115007,EFILE,421559197,201506,1/15/2016,CENTER FOR STUDENT OPPORTUNITY INC,990,93493348011555,201503489349301155
13154870,EFILE,133666846,201506,1/28/2016,CLASSROOM INC,990,93493314032865,201513149349303286
13132478,EFILE,271067272,201412,1/21/2016,CODE FOR AMERICA LABS INC,990,93493317055165,201513179349305516
13136520,EFILE,412024986,201412,1/22/2016,COMMON SENSE MEDIA,990,93493320146855,201503209349314685
13218116,EFILE,260642778,201412,2/19/2016,D-REV DESIGN FOR THE OTHER 90,990,93493320118085,201533209349311808
13192262,EFILE,134129457,201506,2/10/2016,DONORSCHOOSEORG,990,93493308014075,201523089349301407
13203791,EFILE,263761772,201412,2/16/2016,DTWO LTD,990EZ,93492317025145,201543179349202514
13136632,EFILE,272460359,201412,1/22/2016,DEMOCRACY WORKS INC,990,93493320030065,201513209349303006
13626968,EFILE,262418959,201503,7/15/2016,DIGITAL GREEN FOUNDATION,990,93493047013536,201630479349301353
13216883,EFILE,66488076,201412,2/18/2016,E-THE PEOPLE,990,93493320062095,201543209349306209
13110783,EFILE,462395314,201412,1/14/2016,ELEPHANT ACTION LEAGUE,990EZ,93492324005215,201513249349200521
13110783,EFILE,462395314,201412,1/14/2016,ELEPHANT ACTION LEAGUE,990EZ,93492324005215,201513249349200521
13103250,EFILE,271912105,201412,1/12/2016,FAMILIES EMPOWERED,990,93493280001095,201542809349300109
13149355,EFILE,200938414,201506,1/27/2016,FREECYCLE NETWORK,990,93493314011105,201503149349301110
13104911,EFILE,593649871,201506,1/13/2016,GIVEWELL COMMUNITY FOUNDATION INC,990,93493285011505,201502859349301150
13146898,EFILE,611524216,201412,1/26/2016,GLOBAL LIVES PROJECT INC,990EZ,93492320061675,201523209349206167
13163382,EFILE,562435785,201412,2/1/2016,GOOD WORLD SOLUTIONS INC FKA WORLD OF GOODDEVELOPMENT ORG INC,990,93493316065565,201513169349306556
13192828,EFILE,205061881,201412,2/10/2016,GREAT NONPROFITS,990,93493322001275,201523229349300127
13123509,EFILE,271966036,201412,1/20/2016,HOPING HEARTS FOUNDATION INC,990,93493320069315,201513209349306931
13182616,EFILE,262506162,201412,2/5/2016,HARMONY INSTITUTE INC,990,93493315038545,201543159349303854
13659654,EFILE,273199988,201506,7/28/2016,HOLLABACK INC,990,93493116011166,201611169349301116
13178037,EFILE,770560011,201412,2/4/2016,HOPELAB FOUNDATION INC,990PF,93491316006145,201543169349100614
13121609,EFILE,263283639,201412,1/20/2016,IN OUR BACKYARDS INC,990,93493320117255,201503209349311725
13179364,EFILE,943398862,201412,2/5/2016,INTERNET SEXUALITY INFORMATION SERVICES,990,93493315035445,201543159349303544
13134687,EFILE,263534444,201412,1/22/2016,IMAGING THE WORLD CORP,990EZ,93492317013365,201513179349201336
13192703,EFILE,204895174,201412,2/10/2016,INSTEDD,990,93493320112025,201523209349311202
13127989,EFILE,311771358,201412,1/21/2016,INTERNATIONAL BRIDGES TO JUSTICE INC,990,93493320167105,201503209349316710
13099520,EFILE,943027961,201412,1/11/2016,INTERNEWS NETWORK INC,990,93493300010605,201503009349301060
13138649,EFILE,261335205,201412,1/25/2016,LITERACY BRIDGE,990,93493320123615,201513209349312361
13182611,EFILE,201232903,201412,2/5/2016,LUNCHBOX FUND,990,93493314023345,201543149349302334
13290223,EFILE,330798804,201506,3/24/2016,MIND RESEARCH INSTITUTE,990,93493025011526,201620259349301152
13147238,EFILE,275104203,201412,1/26/2016,MEDIC MOBILE INC,990,93493320106715,201513209349310671
13217577,EFILE,275104203,201312,2/19/2016,MEDIC MOBILE INC,990,93493320112235,201533209349311223
13186803,EFILE,271052771,201506,2/8/2016,MONEYTHINK,990,93493307010565,201513079349301056
13193233,EFILE,200097189,201412,2/10/2016,MOZILLA FOUNDATION,990,93493320125925,201523209349312592
13645239,EFILE,452736163,201506,7/22/2016,NEW CLASSROOMS INNOVATION PARTNERSINC,990,93493074006136,201630749349300613
13231930,EFILE,810526651,201506,2/25/2016,NATIONAL INSTITUTE ON MONEY IN STATE POLITICS,990,93493355000815,201513559349300081
13194697,EFILE,900514027,201412,2/10/2016,NEXLEAF ANALYTICS,990,93493320124125,201523209349312412
13206458,EFILE,134145441,201412,2/16/2016,NPOWER INC,990,93493321005375,201523219349300537
13125089,EFILE,800708997,201412,1/20/2016,OCEARCH,990,93493320102355,201503209349310235
13214107,EFILE,61727461,201412,2/18/2016,OPEN MEDIA FOUNDATION,990,93493320143945,201543209349314394
13159268,EFILE,203852112,201412,1/29/2016,OPERATION ASHA NFP CO ROB WEBSTER,990,93493313027855,201503139349302785
13165729,EFILE,943366969,201412,2/1/2016,PLANETWORK NGO INC,990EZ,93492315013715,201513159349201371
13711441,EFILE,943366969,201512,8/16/2016,PLANETWORK NGO INC,990EZ,93492050005046,201640509349200504
13157010,EFILE,202630593,201412,1/28/2016,PARTICIPATORY CULTURE FOUNDATION INC,990,93493258008015,201512589349300801
13199403,EFILE,452725805,201506,2/11/2016,PULSEPOINT FOUNDATION,990,93493316024245,201543169349302424
13118632,EFILE,453607930,201412,1/19/2016,REALLOCATE INC,990EZ,93492320066555,201503209349206655
13628433,EFILE,760662298,201508,7/18/2016,REASONING MIND INC,990,93493055000166,201610559349300016
13157241,EFILE,208837690,201412,1/28/2016,SINGLE STOP USA INC,990,93493294005115,201512949349300511
13101625,EFILE,542059475,201412,1/12/2016,SKYTRUTH,990,93493279007055,201502799349300705
13115645,EFILE,270618533,201412,1/15/2016,TEACHAIDS,990,93493320045455,201503209349304545
13688478,EFILE,943070617,201506,8/5/2016,TECHSOUP GLOBAL,990,93493137105856,201601379349310585
13276695,EFILE,462302287,201506,3/18/2016,TIDEPOOL PROJECT,990,93493012006236,201630129349300623
13217915,EFILE,731662480,201412,2/19/2016,UNIVERSALGIVING,990,93493321005185,201533219349300518
13279108,EFILE,205771109,201503,3/18/2016,VIDEO VOLUNTEERS,990,93493014008016,201610149349300801
13660005,EFILE,134167155,201506,7/28/2016,WITNESS INC,990,93493124005186,201631249349300518
13605212,EFILE,43427228,201506,7/8/2016,WETHRIVE INC,990EZ,93492041006226,201620419349200622
13659861,EFILE,200049703,201506,7/28/2016,WIKIMEDIA FOUNDATION INC,990,93493126015376,201621269349301537
13652585,EFILE,371665745,201506,7/26/2016,ZEARN INC,990,93493092006316,201610929349300631
13676254,EFILE,460807740,201506,8/2/2016,EDX INC,990,93493127004016,201611279349300401
13142619,EFILE,383796793,201506,1/26/2016,ICIVICS INC,990,93493321013565,201513219349301356
13629451,EFILE,455267449,201506,7/18/2016,MYAGRO FARMS,990,93493053005326,201620539349300532
